-- phpMyAdmin SQL Dump
-- version 4.6.4deb1
-- https://www.phpmyadmin.net/
--
-- Host: localhost:3306
-- Generation Time: Jan 16, 2017 at 02:30 AM
-- Server version: 5.7.16-0ubuntu0.16.10.1
-- PHP Version: 7.0.13-0ubuntu0.16.10.1

SET SQL_MODE = "NO_AUTO_VALUE_ON_ZERO";
SET time_zone = "+00:00";


/*!40101 SET @OLD_CHARACTER_SET_CLIENT=@@CHARACTER_SET_CLIENT */;
/*!40101 SET @OLD_CHARACTER_SET_RESULTS=@@CHARACTER_SET_RESULTS */;
/*!40101 SET @OLD_COLLATION_CONNECTION=@@COLLATION_CONNECTION */;
/*!40101 SET NAMES utf8mb4 */;

--
-- Database: `mobil`
--
CREATE DATABASE IF NOT EXISTS `mobil` DEFAULT CHARACTER SET latin1 COLLATE latin1_swedish_ci;
USE `mobil`;

-- --------------------------------------------------------

--
-- Table structure for table `admin`
--

CREATE TABLE `admin` (
  `id_admin` int(4) NOT NULL,
  `nama` varchar(30) NOT NULL,
  `email` varchar(30) NOT NULL,
  `alamat` varchar(50) NOT NULL,
  `telp` varchar(12) NOT NULL,
  `username` varchar(15) NOT NULL,
  `password` varchar(32) NOT NULL
) ENGINE=InnoDB DEFAULT CHARSET=latin1;

--
-- Dumping data for table `admin`
--

INSERT INTO `admin` (`id_admin`, `nama`, `email`, `alamat`, `telp`, `username`, `password`) VALUES
(1, 'admin', 'admin@gmail.com', 'jogja', '08123456789', 'admin', '21232f297a57a5a743894a0e4a801fc3');

-- --------------------------------------------------------

--
-- Table structure for table `detail_transaksi`
--

CREATE TABLE `detail_transaksi` (
  `id_detail` int(11) NOT NULL,
  `id_transaksi` int(11) NOT NULL,
  `id_supir` int(11) NOT NULL,
  `jasa_supir` int(7) NOT NULL
) ENGINE=InnoDB DEFAULT CHARSET=latin1;

--
-- Dumping data for table `detail_transaksi`
--

INSERT INTO `detail_transaksi` (`id_detail`, `id_transaksi`, `id_supir`, `jasa_supir`) VALUES
(4, 7, 2, 30000),
(5, 11, 2, 30000);

-- --------------------------------------------------------

--
-- Table structure for table `jenis`
--

CREATE TABLE `jenis` (
  `id_jenis` int(4) NOT NULL,
  `nama` varchar(30) NOT NULL
) ENGINE=InnoDB DEFAULT CHARSET=latin1;

--
-- Dumping data for table `jenis`
--

INSERT INTO `jenis` (`id_jenis`, `nama`) VALUES
(3, 'Sedan'),
(4, 'Pick Up'),
(5, 'Jeep');

-- --------------------------------------------------------

--
-- Table structure for table `konfirmasi`
--

CREATE TABLE `konfirmasi` (
  `id_konfirmasi` int(11) NOT NULL,
  `id_transaksi` int(11) NOT NULL,
  `bukti` varchar(100) NOT NULL
) ENGINE=InnoDB DEFAULT CHARSET=latin1;

--
-- Dumping data for table `konfirmasi`
--

INSERT INTO `konfirmasi` (`id_konfirmasi`, `id_transaksi`, `bukti`) VALUES
(2, 11, '415012017235555.png');

-- --------------------------------------------------------

--
-- Table structure for table `mobil`
--

CREATE TABLE `mobil` (
  `id_mobil` int(11) NOT NULL,
  `id_jenis` int(4) NOT NULL,
  `no_mobil` varchar(10) NOT NULL,
  `merk` varchar(20) NOT NULL,
  `nama_mobil` varchar(30) NOT NULL,
  `gambar` varchar(100) NOT NULL,
  `harga` int(7) NOT NULL,
  `status` enum('0','1') NOT NULL
) ENGINE=InnoDB DEFAULT CHARSET=latin1;

--
-- Dumping data for table `mobil`
--

INSERT INTO `mobil` (`id_mobil`, `id_jenis`, `no_mobil`, `merk`, `nama_mobil`, `gambar`, `harga`, `status`) VALUES
(1, 3, 'Sedan', 'Sedan Lagi', 'Sedan Juga', '15012017231222.png', 900000, '1'),
(2, 4, 'ab 3355 yk', 'hoon', 'haha', '15012017231548.png', 250000, '0'),
(3, 5, 'ab 1717 bh', 'yam', 'yuhu', '15012017231638.png', 100000, '0'),
(4, 4, 'ab 1768 wk', 'jjjj', 'yii', '15012017231736.png', 150000, '0'),
(5, 3, 'ab 6767 sd', 'hon', 'hhhjh', '15012017231817.png', 200000, '1');

-- --------------------------------------------------------

--
-- Table structure for table `pelanggan`
--

CREATE TABLE `pelanggan` (
  `id_pelanggan` int(11) NOT NULL,
  `no_ktp` char(16) NOT NULL,
  `nama` varchar(30) NOT NULL,
  `email` varchar(30) NOT NULL,
  `no_telp` char(12) NOT NULL,
  `alamat` varchar(50) DEFAULT NULL,
  `username` varchar(10) NOT NULL,
  `password` varchar(32) NOT NULL
) ENGINE=InnoDB DEFAULT CHARSET=latin1;

--
-- Dumping data for table `pelanggan`
--

INSERT INTO `pelanggan` (`id_pelanggan`, `no_ktp`, `nama`, `email`, `no_telp`, `alamat`, `username`, `password`) VALUES
(4, '09810237127', 'pelanggan', 'pelanggan@gmail.com', '08970008875', 'jogja', 'pelanggan', '7f78f06d2d1262a0a222ca9834b15d9d'),
(5, '012398120938', 'imam', 'imam.digmi@gmail.com', '08970008875', 'jogja', 'imam', 'eaccb8ea6090a40a98aa28c071810371');

-- --------------------------------------------------------

--
-- Table structure for table `supir`
--

CREATE TABLE `supir` (
  `id_supir` int(11) NOT NULL,
  `nama` varchar(30) NOT NULL,
  `telp` char(12) NOT NULL,
  `alamat` varchar(50) NOT NULL,
  `status` enum('0','1') NOT NULL
) ENGINE=InnoDB DEFAULT CHARSET=latin1;

--
-- Dumping data for table `supir`
--

INSERT INTO `supir` (`id_supir`, `nama`, `telp`, `alamat`, `status`) VALUES
(2, 'imam', '08970008875', 'jogja', '1');

-- --------------------------------------------------------

--
-- Table structure for table `transaksi`
--

CREATE TABLE `transaksi` (
  `id_transaksi` int(11) NOT NULL,
  `id_pelanggan` int(11) NOT NULL,
  `id_mobil` int(11) NOT NULL,
  `tgl_sewa` datetime NOT NULL,
  `tgl_ambil` datetime DEFAULT NULL,
  `tgl_kembali` datetime DEFAULT NULL,
  `lama` tinyint(1) NOT NULL,
  `total_harga` int(7) NOT NULL,
  `status` enum('0','1') NOT NULL,
  `jaminan` varchar(30) NOT NULL,
  `denda` int(7) DEFAULT '0',
  `jatuh_tempo` datetime NOT NULL,
  `konfirmasi` enum('0','1') DEFAULT NULL,
  `pembatalan` enum('0','1') DEFAULT NULL
) ENGINE=InnoDB DEFAULT CHARSET=latin1;

--
-- Dumping data for table `transaksi`
--

INSERT INTO `transaksi` (`id_transaksi`, `id_pelanggan`, `id_mobil`, `tgl_sewa`, `tgl_ambil`, `tgl_kembali`, `lama`, `total_harga`, `status`, `jaminan`, `denda`, `jatuh_tempo`, `konfirmasi`, `pembatalan`) VALUES
(11, 4, 1, '2017-01-12 22:00:00', '2017-01-15 23:00:00', '2017-01-16 02:00:00', 1, 930000, '1', 'STNK', 105000, '2017-01-16 23:26:54', '1', '0'),
(12, 4, 2, '2017-01-16 23:26:54', NULL, NULL, 1, 250000, '0', 'STNK', NULL, '2017-01-16 23:30:13', '0', '0'),
(13, 4, 3, '2017-01-16 23:26:54', NULL, NULL, 1, 100000, '0', 'STNK', NULL, '2017-01-16 23:30:32', '0', '0'),
(14, 4, 4, '2017-01-16 23:26:54', NULL, NULL, 1, 150000, '0', 'STNK', NULL, '2017-01-16 23:54:53', '0', '0'),
(15, 4, 4, '2017-01-16 23:26:54', NULL, NULL, 1, 150000, '0', 'STNK', NULL, '2017-01-16 23:54:53', '0', '0'),
(16, 4, 4, '2017-01-16 23:26:54', NULL, NULL, 1, 150000, '0', 'STNK', NULL, '2017-01-16 23:54:53', '0', '0'),
(17, 4, 2, '2017-01-16 23:26:54', NULL, NULL, 1, 250000, '0', 'STNK', NULL, '2017-01-16 23:30:13', '0', '0'),
(18, 4, 1, '2017-01-16 23:26:54', NULL, NULL, 1, 930000, '0', 'STNK', NULL, '2017-01-16 23:26:54', '1', '0');

--
-- Indexes for dumped tables
--

--
-- Indexes for table `admin`
--
ALTER TABLE `admin`
  ADD PRIMARY KEY (`id_admin`);

--
-- Indexes for table `detail_transaksi`
--
ALTER TABLE `detail_transaksi`
  ADD PRIMARY KEY (`id_detail`),
  ADD KEY `fk_transaksi` (`id_transaksi`),
  ADD KEY `fk_supir` (`id_supir`);

--
-- Indexes for table `jenis`
--
ALTER TABLE `jenis`
  ADD PRIMARY KEY (`id_jenis`);

--
-- Indexes for table `konfirmasi`
--
ALTER TABLE `konfirmasi`
  ADD PRIMARY KEY (`id_konfirmasi`),
  ADD KEY `fk_transaksi` (`id_transaksi`);

--
-- Indexes for table `mobil`
--
ALTER TABLE `mobil`
  ADD PRIMARY KEY (`id_mobil`),
  ADD KEY `fk_jenis` (`id_jenis`);

--
-- Indexes for table `pelanggan`
--
ALTER TABLE `pelanggan`
  ADD PRIMARY KEY (`id_pelanggan`);

--
-- Indexes for table `supir`
--
ALTER TABLE `supir`
  ADD PRIMARY KEY (`id_supir`);

--
-- Indexes for table `transaksi`
--
ALTER TABLE `transaksi`
  ADD PRIMARY KEY (`id_transaksi`),
  ADD KEY `fk_pelanggan` (`id_pelanggan`),
  ADD KEY `fk_mobil` (`id_mobil`);

--
-- AUTO_INCREMENT for dumped tables
--

--
-- AUTO_INCREMENT for table `admin`
--
ALTER TABLE `admin`
  MODIFY `id_admin` int(4) NOT NULL AUTO_INCREMENT, AUTO_INCREMENT=2;
--
-- AUTO_INCREMENT for table `detail_transaksi`
--
ALTER TABLE `detail_transaksi`
  MODIFY `id_detail` int(11) NOT NULL AUTO_INCREMENT, AUTO_INCREMENT=6;
--
-- AUTO_INCREMENT for table `jenis`
--
ALTER TABLE `jenis`
  MODIFY `id_jenis` int(4) NOT NULL AUTO_INCREMENT, AUTO_INCREMENT=6;
--
-- AUTO_INCREMENT for table `konfirmasi`
--
ALTER TABLE `konfirmasi`
  MODIFY `id_konfirmasi` int(11) NOT NULL AUTO_INCREMENT, AUTO_INCREMENT=3;
--
-- AUTO_INCREMENT for table `mobil`
--
ALTER TABLE `mobil`
  MODIFY `id_mobil` int(11) NOT NULL AUTO_INCREMENT, AUTO_INCREMENT=6;
--
-- AUTO_INCREMENT for table `pelanggan`
--
ALTER TABLE `pelanggan`
  MODIFY `id_pelanggan` int(11) NOT NULL AUTO_INCREMENT, AUTO_INCREMENT=6;
--
-- AUTO_INCREMENT for table `supir`
--
ALTER TABLE `supir`
  MODIFY `id_supir` int(11) NOT NULL AUTO_INCREMENT, AUTO_INCREMENT=3;
--
-- AUTO_INCREMENT for table `transaksi`
--
ALTER TABLE `transaksi`
  MODIFY `id_transaksi` int(11) NOT NULL AUTO_INCREMENT, AUTO_INCREMENT=19;
--
-- Constraints for dumped tables
--

--
-- Constraints for table `detail_transaksi`
--
ALTER TABLE `detail_transaksi`
  ADD CONSTRAINT `detail_transaksi_ibfk_1` FOREIGN KEY (`id_transaksi`) REFERENCES `transaksi` (`id_transaksi`) ON DELETE CASCADE ON UPDATE CASCADE,
  ADD CONSTRAINT `detail_transaksi_ibfk_3` FOREIGN KEY (`id_supir`) REFERENCES `supir` (`id_supir`) ON DELETE CASCADE ON UPDATE CASCADE;

--
-- Constraints for table `konfirmasi`
--
ALTER TABLE `konfirmasi`
  ADD CONSTRAINT `konfirmasi_ibfk_1` FOREIGN KEY (`id_transaksi`) REFERENCES `transaksi` (`id_transaksi`) ON DELETE CASCADE ON UPDATE CASCADE;

--
-- Constraints for table `mobil`
--
ALTER TABLE `mobil`
  ADD CONSTRAINT `mobil_ibfk_1` FOREIGN KEY (`id_jenis`) REFERENCES `jenis` (`id_jenis`) ON DELETE CASCADE ON UPDATE CASCADE;

--
-- Constraints for table `transaksi`
--
ALTER TABLE `transaksi`
  ADD CONSTRAINT `transaksi_ibfk_1` FOREIGN KEY (`id_pelanggan`) REFERENCES `pelanggan` (`id_pelanggan`) ON DELETE CASCADE ON UPDATE CASCADE,
  ADD CONSTRAINT `transaksi_ibfk_2` FOREIGN KEY (`id_mobil`) REFERENCES `mobil` (`id_mobil`) ON DELETE NO ACTION ON UPDATE CASCADE;

/*!40101 SET CHARACTER_SET_CLIENT=@OLD_CHARACTER_SET_CLIENT */;
/*!40101 SET CHARACTER_SET_RESULTS=@OLD_CHARACTER_SET_RESULTS */;
/*!40101 SET COLLATION_CONNECTION=@OLD_COLLATION_CONNECTION */;
